Voltage (mV),Current Density (pA/pF),Cslow = 14.40 pF
-100.000000,-70.550398
-80.000000,-63.884501
-60.000000,-50.358777
-40.000000,-28.866216
-20.000000,1.140052
0.000000,38.417271
20.000000,81.594979
40.000000,130.005558
60.000000,183.882617
80.000000,245.787175
100.000000,310.146615
