Voltage (mV),Current Density (pA/pF),Cslow = 21.00 pF
-100.000000,-2.825093
-80.000000,-3.483116
-60.000000,-4.093642
-40.000000,-4.130811
-20.000000,-3.220166
0.000000,-0.006098
20.000000,7.145629
40.000000,20.844695
60.000000,44.598848
80.000000,80.647244
100.000000,139.423601
