Voltage (mV),Current Density (pA/pF),Cslow = 18.40 pF
-100.000000,-2.972604
-80.000000,-3.819213
-60.000000,-4.730320
-40.000000,-5.060497
-20.000000,-4.322750
0.000000,-0.385230
20.000000,9.152612
40.000000,27.907446
60.000000,60.811108
80.000000,109.334966
100.000000,175.897088
