Voltage (mV),Current Density (pA/pF),Cslow = 17.30 pF
-100.000000,-40.609623
-80.000000,-42.538725
-60.000000,-37.097938
-40.000000,-24.636079
-20.000000,-3.708131
0.000000,23.077421
20.000000,54.543164
40.000000,88.908148
60.000000,125.084308
80.000000,171.941291
100.000000,213.941219
