Voltage (mV),Current Density (pA/pF),Cslow = 34.40 pF
-100.000000,-2.947679
-80.000000,-3.521312
-60.000000,-3.635783
-40.000000,-3.047512
-20.000000,-1.853929
0.000000,1.033420
20.000000,5.730794
40.000000,11.966406
60.000000,20.842487
80.000000,32.269895
100.000000,47.168862
