Average Voltage (mV),Average Current (pA)
-99.99844,-1100.47587
-79.99876,-981.44831
-59.99907,-803.00614
-39.99938,-519.21480
-19.99969,-116.31008
0.00000,402.46394
19.99969,1027.56318
39.99938,1755.62236
59.99907,2570.26645
79.99876,3452.77896
99.99844,4382.12962
