Average Voltage (mV),Average Current (pA)
-99.99844,-648.86085
-79.99876,-694.01402
-59.99907,-667.16545
-39.99938,-526.89474
-19.99969,-246.67206
0.00000,208.74453
19.99969,839.04148
39.99938,1631.46821
59.99907,2569.27185
79.99876,3653.87043
99.99844,4653.70347
