Average Voltage (mV),Average Current (pA)
-99.99844,-34.55573
-79.99876,-39.10696
-59.99907,-41.69521
-39.99938,-41.43058
-19.99969,-27.94635
0.00000,13.73884
19.99969,105.37204
39.99938,280.94763
59.99907,600.02649
79.99876,1119.11807
99.99844,1877.00626
