Average Voltage (mV),Average Current (pA)
-99.99844,-102.63569
-79.99876,-120.52255
-59.99907,-136.17929
-39.99938,-133.25093
-19.99969,-98.25459
0.00000,-0.16529
19.99969,196.24555
39.99938,538.50949
59.99907,1057.36849
79.99876,1780.21092
99.99844,2660.14019
