Average Voltage (mV),Average Current (pA)
-99.99844,-260.96756
-79.99876,-271.95536
-59.99907,-260.30121
-39.99938,-193.99055
-19.99969,-77.22583
0.00000,111.59122
19.99969,360.75437
39.99938,654.46611
59.99907,997.86540
79.99876,1434.01936
99.99844,1881.21539
