Average Voltage (mV),Average Current (pA)
-99.99844,-679.36757
-79.99876,-687.23952
-59.99907,-615.71746
-39.99938,-457.75624
-19.99969,-170.22578
0.00000,251.34785
19.99969,798.62938
39.99938,1455.28187
59.99907,2195.23679
79.99876,3012.77734
99.99844,3911.81663
